e86dba234c7429d9aea70c5f104dbebc;20110306;#mileyonsnl;ongoing-event
fe2dca2bdfca21e6c83567a531d6534e;20110306;Leap Year;ongoing-event
cf90d03111f55e55ff9c7b5ef079fa30;20110305;Sober Valley Lodge;meme
748089790952e9dbfb174b7ef39adf2b;20110303;Howard Davies;news
3b7dd11b6654dd5f35745285ededdbd9;20110303;Sky News;news
16d9b6e9aa11a199a23566fb23fa4106;20110304;Velez;ongoing-event
482cad8725e1cd468e108a11376c324c;20110306;Morkel;ongoing-event
f24caf7a04ab962804d9f81c1d6cccb9;20110307;Brazil♥LadyGaga;meme
2c2a88c024e8e3f65a54e07edd9f5394;20110307;#dealwithit;meme
6da1c97714473a36b5da501815b21fc4;20110301;Ban Jordan Heels;meme
e8611c0126305e7a3af7ebe8317dc699;20110301;RIP Jane Russell;news
e0836fb589d880e3bfd06a9b2065d0c0;20110303;Helau;commemorative
2a5d19e345b324d5ecfa0d8314dce0fd;20110307;Sargento Pimenta;ongoing-event
4036303a165c0d05ce47f50d90da887f;20110302;Iwata;ongoing-event
bc73552adb37da9c3174a0ce5a281367;20110303;Martha Kent;news
45d3c04cfda32e228eb9048a8bc43524;20110306;#suarez;ongoing-event
003e36ddeff1e5e0781580761d0c949c;20110302;Zandvoort;ongoing-event
5eb9dc77102c157dbe36515f5be70ce7;20110305;Sue Perkins;ongoing-event
98d681f3bba130e62c532c2b9e207190;20110307;Curtis Stone;ongoing-event
f4e41a7e91e582875aafbd19346c8091;20110302;Antonio Nunes;ongoing-event
107530150c943610b908a4c82168133d;20110303;Haley Reinhart;ongoing-event
8b0fce622128e48175cc8da44e321fd5;20110307;#dhsmemories;meme
944dc4d8f735381b050ff508f05bd033;20110306;Nick Swardson;ongoing-event
104f243e59b422cdd40636cb013a5648;20110307;Solabarrieta;ongoing-event
d096f61e1485abef5a8b7ec2b3b9098b;20110302;Unemployed Winner;meme
3e6e5773a7d145a8ca7bb8e7498bb67e;20110302;Luther Vandross;ongoing-event
09df3cd1a19dab8aeef6e4af7036e2c2;20110307;Dionne Warwick;ongoing-event
f33fd698ded4501486a20b483b78dfb0;20110305;Azkaban;ongoing-event
bbb0fa49b525c4264f4ad7a06adc3e07;20110301;Welsh;commemorative
e903afcfcba0ecf0c11d9f161da32064;20110301;Kräfte;news
69e1f13b42d27cb8295607514ba90ed1;20110304;Jordan Taylor;ongoing-event
f16d7d286911170b8e397ce15b544735;20110305;Viktor & Rolf;ongoing-event
ef0ace4a7e0fc3468c419fe236d43985;20110307;Kate Ellis;ongoing-event
e8e563d200d1d5f071cdaa1f78e4e4ed;20110301;Verteidigungsminister;news
e1b11107ce6b330d3633f386acd6cd9f;20110306;Bulls-Heat;ongoing-event
b40b199c45f2095aeb8c26bcf2d9b35b;20110305;Mark Martin;ongoing-event
348b921ddaaedfe9c3cd8e0d64906c45;20110304;Smokie Norful;ongoing-event
d0876904ae9e67d18f8f65ac39aa039d;20110303;Conmebol;news
7ffddca93ba60d3f90435397ec93e816;20110305;Kindergarten Cop;ongoing-event
174a1ccbb9936026ad3ddb6a997ee215;20110304;Agent Zero;ongoing-event
2fa9e37a34712ade4b0d917009b3bcb7;20110305;Samardo Samuels;ongoing-event
7c91a36da9dedbf3ff1914f7d1668600;20110305;Lina Ron;news
c973e3274cf99ff661573e7eb33f483e;20110302;Jameer Nelson;ongoing-event
cd13f4e6921f58002958a760278a768d;20110305;#tgc_love;ongoing-event
c9ef0f175f7516b9d6a49f78086219b2;20110301;LibertadPreview;meme
90d127641ffe2a600891cd2e3992685b;20110303;Poltergeist;ongoing-event
bdeb3df1cb0ae0b3f4748e34e2bc7488;20110302;Jackie Stewart;news
6d03fafccc6e231a3465246525f690be;20110305;Pérola Negra;ongoing-event
75819bdd9316c6843d69f713ad1244ec;20110301;Janna Levin;ongoing-event
95780dfbc8f0db2c7156f2d6ca78529a;20110306;#lasmejoresdelrock;meme
d3d8d213fb1fbd178f1c9c4aea35cbc6;20110303;Tirol;ongoing-event
b57a7bb84410be95aa1ada60cf8e0273;20110301;Hitler;news
2d17c1d3a6d90056244caae9277c4639;20110306;Always Say Always;ongoing-event
d68375d43c75d7413c27ced2682b2b57;20110306;HIGNFY;ongoing-event
8e6657875557966dc0a045c1499ffafc;20110307;Beth Carvalho;ongoing-event
1b553b0d88b789a05c5f1923aaa53dce;20110306;RIP Deano;meme
4b7da4edf137ebf2603ddae88feb6b09;20110307;Alejandra Guzman;ongoing-event
fe09f84de1551467c073e521aff0c037;20110302;Hours Scam Spreading;meme
f3f1daf3014387ec9f6937d5a677a2f2;20110304;Edgar Jimenez;ongoing-event
72781007c1d62ff428c03b3def3fcf52;20110304;#antofagastasinagua;meme
bd78a0a043b249579f68d9c2d2d8f00e;20110303;#ajarkc;ongoing-event
df5b0e930dff7cf25a68355ccd5caa48;20110305;Judge Mathis;ongoing-event
29ab2ac6ca7cbf7f09092199e79e9beb;20110303;David Cook;news
62d516712cf38372895e25246d92adb1;20110307;André Marques;ongoing-event
32699a4411ff96c246803279828b90b7;20110303;UNLIMITED ACC;meme
85ab1ecf7a66021cf54872dfca76ba19;20110305;Expecto Patronum;meme
1a03f6197b39b5e69b0b3b3844d576b4;20110302;Jon Bon Jovi;commemorative
d27063aaa5701c5a0de9005001935ae8;20110302;Traki;news
5388d0f71ede4f967ed09be94d35b5ad;20110305;DrinkMyTearsTonight;meme
b1e51ad5a49710f0e46394a8fc2fd72d;20110304;Pureblood;meme
050feefcdd7d85023c61753474848a48;20110307;Rosenmontag;meme
5ea7f231296949070013bc43715aae01;20110303;CVC;news
66ba9cd4cf833b55fc595326023c83e1;20110304;Lanvin;ongoing-event
70180999651f0c5589bcb3abcb2f825d;20110304;Capdeville;ongoing-event
85bfd9d7fcbe64ae7ab810a2592f5c0f;20110306;STREET DRUM PROJECT;meme
eba520fa2a1f739c32826eaafbfbc24e;20110302;#dreamschool;ongoing-event
b4a22b05fed10438e48080409f4d6fff;20110305;RestartNaVaiVai;ongoing-event
96f2bbf734c80bea3ed6c4caa95b0c8c;20110304;#ci;ongoing-event
b8d179b525bebbd043a8ec54d587c77a;20110301;Ruben Gonzalez;news
a3e8f2e694c347b7be73608c9de9e117;20110302;Dockrell;ongoing-event
6ca10e9e583be137fdb88cbeb2c3b9c6;20110307;Sapucaí;ongoing-event
b19841e8995751d310de279f43c8c56a;20110307;Pac Div;meme
93c54150d02e0266c82df78fa71e32c3;20110305;Tokyo Girls Collection;ongoing-event
261410abf566961623ed083f447e8649;20110307;Kenny Anderson;ongoing-event
beb8e263aebf10b7c61905cef18ce47a;20110307;#tigerbloodintern;meme
ad5c50c005d89c821934ca8ee9d868e1;20110301;Rücktritt;news
ab5c3bc2b1226d463dcf874db3c5ef7c;20110305;Tony Parker;ongoing-event
e2d28dde9080af00b6d37550fb6c2d6a;20110306;Neil Tennant;ongoing-event
429f2a1f2b13ae2d1c56c5ee95393917;20110301;Marie Drucker;ongoing-event
c6b3777df67608c6c53993ef6db51da2;20110301;Ämtern;news
60826bd6ff37e8bfc4baabb282ed839f;20110307;#minombrees;ongoing-event
587da4f8ef6a1d0aae716922a7bd325a;20110306;Jermaine Defoe;ongoing-event
abeffe43f083c23a16fa74802b848cdb;20110305;Adriana Bombom;ongoing-event
55990b8561be0fca8a69059222af7b86;20110307;Mangueira;ongoing-event
08f469c8cf5ff4ff3ce116ea1e6e21e7;20110305;Hour Panel People;ongoing-event
30ee954d4844c974e5766a052b4ed971;20110306;#canelo;ongoing-event
635c48b51423cfb5b77c0f39cc150da7;20110303;Ahmed Shafiq;news
ef783f484f403373464b8b9727913dca;20110305;Bonner;ongoing-event
f457e7d92353669311b1da7da66926db;20110302;Drica Moraes;ongoing-event
cfcaa3fd682cb78b08f52cc52c86a95d;20110301;Welly;news
a04dc373ce870ac1817ed5a0cc6e65cf;20110306;Saffers;ongoing-event
f2d205904b535469e2c4b82e5df538c0;20110307;Warner Bros;news
36ca01bb65ebbd432ef7beac1a1433f1;20110307;#unidosdatijuca;ongoing-event
0b619331b9555fdab3e98dcc2e8d8bd4;20110303;Zilu;ongoing-event
dc87f535fae5a42b433229589e2e8afd;20110307;Digitalに譲渡;news
e15130d2eabf454dcc288e62c3c4d4b8;20110307;Evelyn;ongoing-event
5009aa6bde34d14de23dab162e1b2191;20110306;Baby Spanx;ongoing-event
4ab3a6ee9b9c2095d2df76b8c1434d72;20110305;Dateline NBC;ongoing-event
080cfc4cb7e0843944b712dbd1ab09f3;20110307;Silvia Pinal;ongoing-event
81cd2b6ce2c67a9553e9aff42e1d391c;20110306;Andre Dawkins;ongoing-event
ef417ddbe3083403b38a8a7cf66d0824;20110302;#chooseyourvice;meme
3f2abdb52f2816d0a3ba16f87f4985af;20110306;Broner;ongoing-event
7cb1c84b727dd911f1639382bc37de78;20110301;Vernon Gholston;news
ae01ebf13913be8a16e0ac5e0042ccb6;20110302;Wendy Williams;ongoing-event
4a4de7aa4553a1bd4fea73042d479f6b;20110301;Robot Chicken;ongoing-event
76d5e926b0d827663e391aa0450cbb2f;20110302;Muhammad Yunus;news
028db87a956b0efdcf486a8f37a2557b;20110302;South China;ongoing-event
98a224692867a5b4f719a8a64e33a942;20110306;#kuyt;ongoing-event
bcb5ae19f0895e2c2ea02167f223b512;20110303;Footbar;news
8f53e4727d467cf399ec81e7e8a90597;20110307;Richard Hatch;ongoing-event
775b155d67e204aa38e8a3b7ec9dac6b;20110301;#dwts;ongoing-event
ebfb692262c759c4c081824706045c4e;20110307;Jim Jones;ongoing-event
91ba8c759bd515e4b0dded1aa91b1f1a;20110304;Kurt Angle;ongoing-event
3898f1ceb6fdd56f963db7f9326130e4;20110303;IBGE;news
fe3e9fc7a63006e67e3cc12fdc2bc7e5;20110303;Fito Paez;ongoing-event
c2dce41bd67f6b3aa0b623d24320b858;20110307;Alan Jara;news
8dab3b94c1d785114ebec2c4cde1637b;20110301;Calogero;ongoing-event
70df1b2141fbc0c16248923bf46a58d2;20110303;Kendra Chantelle;ongoing-event
0deba0a2de3fbea0fad3c384353ecd7c;20110303;Matsoe Matsoe;ongoing-event
2e3b5ddd3cfc646788931feba0e8ee2b;20110306;Catherine Tate;ongoing-event
3ea06b51b10137ff8ee887225b3c7f07;20110306;Derek Rose;ongoing-event
17aee153dd984e648d8f8d43190f7463;20110307;Daniel Tosh;ongoing-event
36d658775394d346d943246249bc761c;20110301;IHOP;meme
ace0f404c32bff9ec6a8669df6a3c854;20110301;DWTS;ongoing-event
9b5ff8a3f9652462677d4ffe8dbc5a67;20110304;Java Jazz Festival;ongoing-event
cb88729db5f25b66dc912a770000bfed;20110302;Ajdabiya;news
57c40a4f65453ebf63a345eacf08801f;20110306;Percy Miller;meme
a4194d953ad68dc790c8d30e85b14261;20110302;Jesé;news
b4a91082b61e2d48d79aaabaaa369a40;20110303;Duminy;ongoing-event
23c253b43cbd46f193343457fc7b9494;20110302;Mooney;ongoing-event
4a6695b2291c53b77cddc859d90c472b;20110305;Macaé;ongoing-event
49d542c3506987828d848afd366abdd6;20110305;Mancha Verde;meme
5ebce2d7992f6839d3386431416121ff;20110307;#bienvenidos;ongoing-event
6e77a084eef7593c4a4844f58766b777;20110302;Kanti Adele;meme
02a6571d75e06298c8fb794f4a4eb707;20110307;Mike DeStefano;news
dea542c4aa400554b36507c6947040c2;20110301;#devassa;meme
932d897313f265a2f7e3ded18d038c29;20110305;Scary Movie;ongoing-event
fd3293b7aff8544d0c69c27cf2ab5da9;20110305;TheWorld♥Biebs;meme
752bfa88b37405d87b55de7756d4eed8;20110306;Congrats Liverpool;ongoing-event
df426f65b479133dd9f60fa0cc8a2bf5;20110302;David Christian;ongoing-event
dafe07abd9c668469dca1a1d7bf6908a;20110301;Marcus Thornton;ongoing-event
36518922e6fbf9842cd3b4b283e98af0;20110304;André Lima;ongoing-event
36bc0b789e5293a466f1f3e6fd36e600;20110303;Old Firm;news
6333d162797660190ea43edc1e406617;20110301;Frank Rich;news
9a4b2ca5e5e063f07eef95723b1e42a4;20110304;DarkSide;meme
67dac31eaa5d07ed90fb9a326845fc28;20110303;Mike Patrick;ongoing-event
3a9a45d2c8cebf301a9b7325d7275b4c;20110304;Shaniqua;meme
8e2f0ea7a0119e24f611dad8e137d2d8;20110306;Mason Plumlee;ongoing-event
1b771dbe12b5ea2c9efbb9f48cc89e9c;20110303;Padma;ongoing-event
0d9645e47c85c22428afc4346c1be594;20110305;Dream High Concert;ongoing-event
caf8fdcd76409cd73718b63da6f85ce8;20110304;Jong Ajax;news
73f892e30132396e4b588c508ecef00f;20110304;Alfonso Herrera;meme
fc28b52ecac9112ed5a716638af66cd0;20110302;Cusack;ongoing-event
f79a5c3edeb21e73c4ac870f2fc07088;20110303;Balaji Rao;ongoing-event
74c6fd90a7982e6355a312a81e6c16d9;20110305;Stacey Dash;meme
b148037e917d00ce6092dede4f4db912;20110302;#mclobster;news
083b78b643ed8ee8b3dd55a5f3560828;20110302;Romênia;news
cdd2fe649e1f8497d1faf5b96a56c0e2;20110302;Lovebox;news
01901b07f92e9c67ce8c3bde06b23e79;20110303;Blade Runner;news
6bb24920e948d6707362a47b7e7ce2c1;20110302;Clint;ongoing-event
f0c75aab66316dfb8244cd989112e761;20110304;Shane Roller;ongoing-event
c21bd0a3db7a0b7cbc7c185b0aef0d00;20110307;Server Attention Span;meme
9b6e5b2dc0e32729ab77d925ad1aaf66;20110307;Mike Carlton;ongoing-event
b89223dd51b22a5ff1fd350386729df3;20110306;Rita Skeeter;commemorative
ce9d16ab38cd29f78f0ad758da35d698;20110302;Mamonas Assassinas;commemorative
08eb61cc56179c58c73de9b1d2144eb0;20110303;iDoor;meme
14294592770f96b655186aa27688d80a;20110301;Worst Twitkon EVER;meme
86b4b0c5b935302a7fb6c0ddfef41d2c;20110305;Tatyana Ali;news
e013eff7b282cdb226222534447ec040;20110305;Adjustment Bureau;meme
4dfd5875ee7dcdfc74edb3205026c862;20110305;#24pp;ongoing-event
8da24dd7c1727821312a00e8a654a6ef;20110307;OrgulhoNXZERO;meme
a78b273541c4a9f60438d7ac996b763f;20110301;Welshies;commemorative
774ac5601920d0d2090829a480e3da83;20110301;David Brooks;ongoing-event
8cbaa1179b457909d4539df09aa39f7a;20110301;#hongstarday;commemorative
e9501585375f9bce8e0b392ed8557c64;20110307;#manlawmonday;meme
6342ed65ee34f935b93b0bd4bc385dcc;20110304;Tim Knol;ongoing-event
7763af8ca9ffd091dd6fa2395d456bf2;20110303;Bobby Ryan;ongoing-event
e63b5dc0067d70e3df987d1d2af08c6e;20110301;Kirstie Alley;ongoing-event
ad6eb99dd729136d560cb9a0e2af0434;20110301;#diadelalbur;meme
4be47e27ad31cb89cc320d136b787548;20110307;Pedra Filosofal;ongoing-event
e0e9f295675cf4f4d18ef9766ffe6d0e;20110303;Botafogo;ongoing-event
ff1c9209e916f8b9b58cfa10d135ab8b;20110301;Jensen Ackles;commemorative
b1a9e5314b4983116bbb2163cd7d67f6;20110304;Shutter Island;ongoing-event
c566402a2cb1b9109155d19805cc87ed;20110303;#planbetter;meme
40e3aeb6b4ad008d4fece1a2d5f70352;20110304;Andrei Kirilenko;ongoing-event
c94610e0b1e4d30dc596dc289b49f4ac;20110303;BSkyB;news
a816b9ff7f23770dad571898bae20f6b;20110306;Tarapaca;news
3783b0c6077158004f9a7d653e512141;20110302;Ferry Mingelen;ongoing-event
68af6023fba8f0a9cd8368e3059a59ad;20110304;Frying Nemo;meme
10f7ce06d8cf826ef9fca384276ef709;20110305;Rango;meme
534aa1e5dbeaf40911f7e62342654ba5;20110301;Rita Verdonk;ongoing-event
eb54d4341ece8f92c6adeb23d87d8b2e;20110306;Ryan Kelly;ongoing-event
611ceb9a50616ff80a496d492f71c73d;20110304;Joe Stevenson;news
c49e292fd328f556e0f3f9e13cadf771;20110305;Macaé 3x1 Vasco;ongoing-event
542a7f5ce6ac8718d77dc6d8e069673e;20110307;#bootyappreciationday;commemorative
908c6317575d206204283528ef3c018a;20110307;Eroski Málaga;meme
ea107a01d41d959ed722062b8471b32b;20110301;Patrick Peterson;ongoing-event
39200665020624c8e93a1154801a8302;20110304;Blaenau Gwent;news
bcde9ef678dcd8cd3ff3357de9b89e95;20110301;Lila Morillo;ongoing-event
56ba8a169ea117894f63411c28dc11ee;20110306;Coenen;ongoing-event
7f8e16d588b1543bb5e42bcac894d926;20110304;Margaret Beckett;ongoing-event
c63c504bf7f1922443cfa010a86578ac;20110301;Geonet;news
c2ba948c691aa87507ea916681bfe5cc;20110305;Loretta Devine;ongoing-event
3d1db0252a02527901028672972e63fb;20110305;ZX81;commemorative
9b6d33dbe333b3e810cdd2748e967fc9;20110305;MAIN FANDOM;meme
965c437604ad88277658a05c993cee8c;20110304;Anna Simon;ongoing-event
2f8ff49d451e01962c82399e45b2ddfc;20110307;#smafavoritku;meme
fa087110b6261f1ad11bb623593723fa;20110304;Eldar Rønning;news
7d117c7d210bc817fb5fb4b24b472a05;20110302;Marsha Ambrosius;news
254c925b8eab5d7452fe90661acfb062;20110304;Mijares;news
c299289e82d93acedded55b2a5da7716;20110302;Stop Rupert Murdoch;meme
0d665d1ee29f87a97a83e7690bf856fc;20110306;Viradouro;ongoing-event
267d88fb2b48db5b320701fd07b011f2;20110305;Lady Hee Hee;ongoing-event
3b7580b7a0b432cc657646212234e83b;20110305;NAACP Image Awards;ongoing-event
4fa81a9abb609d64f5835ecd769675e7;20110303;RKC;ongoing-event
24d6bb041cf6148a31851650b7ccc8e6;20110301;Asignación Universal;news
a0fed8c8516e2fb2028a421a2b697d3d;20110302;iMovie;news
8f217e3ad42c5e244fdc0d94e8db03d6;20110306;Régis Rösing;news
37b54769ec09f5f1f307db798e3f95de;20110302;Johnny Curtis;ongoing-event
0ce00ec009ba2875f139ad1978dc5bbb;20110302;Robbie Rosen;ongoing-event
026ab72f6d6042233ee6c1662237edcd;20110302;GarageBand;news
25769d22adad870b0dd81b30e5062186;20110304;Gublersoup;meme
f9fdac3aef75649fbd0f9326491bec2e;20110303;Zezé;ongoing-event
dca524e51087c628cef0b119be07b44e;20110301;Gentlemen Prefer Blondes;news
21ede24ed5a905238688922e8dd9c061;20110301;Galliano;news
96435c2ac10bab5677ce59ce5b1fdf41;20110302;Vlieland;news
7b3752dc73e011ef78ed071226e03401;20110302;Guldspaden;news
ca498964d6f7d920f2a858dea1e003f1;20110302;David Starkey;ongoing-event
c7d6faf13aab0a4003ea5f4cb0f13cae;20110304;AENA;news
b2859734bb4403bebf067c28f2539203;20110305;#ss3shanghai;ongoing-event
b02a59997744bdaa15cc5f22774287ab;20110306;Angry Birds Game Coming;news
c22c015a9b17ec5c8156c65a44314551;20110303;Diane Lane;news
9a1d3fae18a9c019a18c6dbb458160fe;20110302;Brandon Davies;news
ddb5e6ba78ee7be83484c50de06d6a22;20110307;Daniel Craig;meme
da83423096c2781e465b6ec6bf4dfa7f;20110306;Pandev;ongoing-event
c5ed652eec7828e86f1569d77fe63524;20110305;Kimberly Elise;ongoing-event
7bce56301b5b1c2ca87b88f7e3af73e2;20110306;VivoPeloCine;meme
6fcc77f3c8138561947db3ae1af7152c;20110304;Silent Library;ongoing-event
1569f8f32be7ae04898403c550b47b82;20110304;Messina;news
23ad1d1220401766daa9bd085fd0dd4d;20110303;Hello Jakarta;meme
a20848de88e05f844e1093bac6053cd0;20110303;Sirhan Sirhan;news
505de34b5e21d260b268e13d68b50f2c;20110301;Zhirkov;ongoing-event
0beee671d1c2c14a152e5dbd6e143dff;20110306;Mario Covas;commemorative
dc81952301ed30d02d49b9ba00bd74f3;20110307;Mumford & Sons;meme
8f1e654b629cce8506ffec13c3aa2f26;20110301;Devassa;news
b0c25b57b1e7376b939b986707e7aa40;20110305;ΙΦΘ;meme
58950f8881e8485753fbfed01927a5eb;20110303;Sudamérica;news
3c38b4d825b2691d0244f8d01bf4ad6e;20110304;Classic Fail;meme
7a559781c9e448117d62037eb6ccfd7f;20110302;Satoru Iwata;ongoing-event
d0bd6a3fe3478c8d61610095786e01d2;20110302;iTunes Home Sharing;news
58025a3c7be1b76d73ea22a867d69ecf;20110301;#tipicodemujeres;meme
7fc3727878a0f9b2cdbeeff939d63efd;20110306;Paris-Nice;ongoing-event
1360efd760aea5cc74b98f68669ab965;20110304;RestartNaVaivai;meme
9860882ac1b7da8ec03aca513680c09a;20110301;Sideshow Bob;ongoing-event
9307d56d304dcdc3d01d6d82fce9b245;20110306;ACC Champs;ongoing-event
31083628a4a0aacb52313edffe4becea;20110306;Helen Clitheroe;ongoing-event
0a14dee099e100e8bf356a9937a6f974;20110301;Rich Eisen;ongoing-event
c7271be50ab96533c618485f54758d93;20110301;Alex Riley;ongoing-event
4924d0cceec7377383db7d52401c4a52;20110302;Megan Goode;ongoing-event
67a77ff35a8960085cf4edf013f46bc3;20110306;Liverpool Unggul;ongoing-event
3a1c66c341f1b3db5ca6ca9cda6d520d;20110304;Monmouthshire;news
9bea3f4e9acbe665d5df54ee0df205b0;20110307;Citywalk Sudirman;news
3c723259fccea38ed6dc29d8441ccc35;20110305;Mignolet;ongoing-event
19ad70b7bf8a371cbe00f1fe94ed2787;20110307;Stanley Kubrick;commemorative
d39754adc2b77760834a8bfcc6d8fade;20110301;Rouco Varela;news
85c99b41ac10f7e5a509b5b08fd356f8;20110303;Eli Pariser;ongoing-event
74bca6dfeac72188c9d13d733132796b;20110302;Eduardo Surita;meme
f1640f96c294054d4420a4f124ad41ef;20110304;Diggy Simmons;meme
277e32728a63079d7ec69ff6e800d402;20110302;Dosunmu;ongoing-event
7191dc25752ff8b70d94f2f726e7ad21;20110303;AATOO;meme
870748d7ea7740f11933773e9deb4d41;20110307;#bjf2011;ongoing-event
54f5729e6a338244c38607a49fa4fed0;20110306;Duke-UNC;ongoing-event
c8d6ae559f9a03aa03041e67953e1f4f;20110303;#gntm;ongoing-event
99048e9c8bdcf92ab917e7cc39d4a4a1;20110307;Ellen Paige;meme
c565a5cfab1b66c6b69d21524c61040b;20110304;#blackpeoplemovies;meme
c58da1b1410a71d6d3f69c3f7a39c6e0;20110306;Bill Hader;ongoing-event
e6d4360c977509a9ab7ef7576a8a4523;20110304;#teamsober;ongoing-event
2267429cd6f0af6fdc817a29253d35ae;20110303;Reggie Yates;ongoing-event
4e719347755b5a5e22af5f3d0458751d;20110306;Renato Aragão;ongoing-event
69cd84ddd88867672e77e1b809777a58;20110304;PPK;ongoing-event
bfed779056ae3d18cbcd585729466c15;20110302;Damn Malik;ongoing-event
a8125ceb90efc04d97efbf414c378a68;20110302;Gael Clichy;ongoing-event
8cd73bd62fece1b4fd2bbddd31997c5f;20110302;Peaches Geldof;ongoing-event
d50d06c558d153ecc6c0fd92f879c463;20110307;Fernanda Abreu;ongoing-event
f827421e3880d36c2c57fd439a684816;20110306;#anisonsp4;ongoing-event
8f9cb701c3a760965301ea83472bfe7f;20110305;Alberto Granado;news
c83b917a349225d5f6675157918c8150;20110303;Sampaio Correia;ongoing-event
88e131bdcef158a4e414fd655fec8f79;20110304;#coisasderetiro;meme
f48bbf95dd1e5f3aebc4c7a0eba8dc55;20110306;Carragher;ongoing-event
ebf802395e05bc43c1f48f98981a6a25;20110303;Manish Arora;ongoing-event
028cd4c37ed3a705a309424766cccb5e;20110301;Carlos Estevez;meme
c1dd486cb4402665d9f222a55c033985;20110303;Rodney King;commemorative
79d410cb354d002ddea5635cf3d37af7;20110302;Paul Nicklen;ongoing-event
664b394bfa909305e6906698b09ef703;20110306;Lívia Andrade;ongoing-event
d7fb86339e21a1b40d8e710d9b608e0d;20110304;Fun Race;news
992a6ed14e542f674d1adca5dd9ac0dd;20110302;Jimmy Manyi;news
647227f8d73974a1b6e5519875c3d3e5;20110306;Nashvegas;meme
6e255f75b4d8cfed4bd5af7ff4c0b408;20110306;Wes Brown;ongoing-event
439970a226ad7a0ea1505125d663240d;20110304;Isabel Marant;ongoing-event
d79d24d86bf33bf46d3c106133a2d24b;20110305;Bear Grylls;ongoing-event
f77dbf80169f7ff0f1ec070b6048d193;20110305;Lee Nelson;ongoing-event
7e3baf50caf043c5cc344b8c2028983e;20110307;NXZEROnoEMA;meme
394370d43e1c0700f660569e098dd0f7;20110304;Heart Attack Grill;news
8af98f2fcf75ac6b4c0dc89c6ac143fc;20110305;Marcelito;ongoing-event
3e8ac37ecd227615222cbc12e1ba7593;20110303;OVH;ongoing-event
1566af974068cee541d4b8112637586f;20110302;Fráncfort;news
88e7fd5fc4a78ef7b5d178dc7acfe34c;20110303;Shakiro;ongoing-event
df5180dd280c328622e2749c55bf8891;20110304;Darren Fletcher;news
3bc04b5629bafd514684ace4e18d9b9a;20110307;Science Channel;ongoing-event
c4b01705fe2a1eccec52d7eb50d8df07;20110304;Aftermath;meme
82f0011dd962fdeb68ee92ce161e97d0;20110303;McChitlin;meme
41fbc0eb4c5837611c1309a3eb8d2597;20110307;Half Men;news
96b1986ddad996abadf4c75c1df60864;20110302;Nana Banana;ongoing-event
a1c7cdce21e9ede94a0d68a37e70d7d8;20110305;Ade Edmondson;ongoing-event
f466ab0a8cd1f819044a225a3e2bfeaa;20110303;Google Profiles;news
7ab0fd887a9121d73b2f3eef534b5e35;20110305;pOcEtAaAaA;meme
19f602d4665562718c20543301a071b2;20110303;RTed;meme
d67c5959e7830beeb15e349651c05ac8;20110307;Digitalに売却;news
14922f4ef82f04a970d140f41749f5b7;20110305;#askderulo;meme
956235442a0b5841fe0185e93b1235e8;20110303;Roger Mason;ongoing-event
2ee96433722d5b3352a125a7e1754f5b;20110307;Rebeca Jones;news
b5cf6bfdd8cbe72819221ecca560578e;20110304;Pesta Perdana;ongoing-event
321de3587dde40862a7eea2bf2a3be19;20110307;Phil Collins Minta Maaf;news
b4247c18124765ae6cacb49f80d5d0ab;20110301;Lázaro Ramos;ongoing-event
ee418bd0878c6799fa07032f2e75e2c0;20110302;Serge Gainsbourg;commemorative
25a41b23594c5c55efc070b07f679faa;20110307;Ocho Cinco;meme
55ee8b42f60ed6c25607baab6ea9f937;20110302;Apple iPad;news
725b3da0f558b7b9011b0cb3685f9c42;20110306;#60minutes;ongoing-event
cb14b542d18ba24cf49273d5117255d8;20110306;Marloes Coenen;ongoing-event
411ccb0a1bc3aed92224b16a829403b9;20110307;#javamusikindo2;meme
f500e4ad7b13ffa52802bb846bc8f97b;20110304;Andrew Neil;ongoing-event
e973d520f46db7977e019b4cec4e3ae7;20110303;Fiona Apple;ongoing-event
f1b5a149b72512dffa7774d6a793b41b;20110301;Sandy;meme
5fa0ebc4ae15c6369ef52b39859d4d4d;20110302;Anna Wintour;ongoing-event
13105363627267949b7179c62fe893c9;20110304;Jeff Hardy;ongoing-event
57b58a548e3507b9f2f4d26485fff7fe;20110304;Mujeres Asesinas;ongoing-event
886aace31c759760c3901adbfaaeb2ad;20110304;#copadavis;ongoing-event
40725f356faa6bb3ad2f47e59988c913;20110307;Milton Gonçalves;ongoing-event
adc9f0a13b936931f73ec085ce7d9a58;20110306;Finding Neverland;ongoing-event
f3e39448bfad66d7e4bb94898455c9e8;20110306;Jörgen Brink;ongoing-event
baf260342277b2f8f22aac55da239ae5;20110302;Skyward Sword;meme
32fcbc1021a1b0c6ffa9abd25e81e102;20110304;Trevor Gillies;news
ece937ff8d2d0b8847b2069006d5fd87;20110304;Snow White;news
1c6d0fdb4b97bf152dd965d516873a45;20110303;Nick Carter;ongoing-event
7bf6762645c6911c915aa89a9aaa308c;20110307;Forest Gump;ongoing-event
d3ee311e4f872ea731b8a08d4a6459be;20110303;#vampierlife;meme
d631cfcd34d8080d03b46e559012baee;20110303;Jeremy Hunt;news
4dcf6c45da315ab121d9bcc23a157866;20110303;World Record;news
9ff4ac03dbc2ee415a1e521a9041e27d;20110302;Tom Kitchin;ongoing-event
c573c5da8bc5ed1b2c9a3e0ec099fd51;20110302;Cabión;ongoing-event
52e955f610ce34b9a482e037f587e7ca;20110303;Ashton Jones;ongoing-event
dd7fe47453e497d0c971b098f8c26660;20110301;Eric Whitacre;ongoing-event
b82fb9dcaccb90592b9c00868f60536e;20110304;Mou;meme
81f0a914b5516889aafbd393788f5538;20110307;Sabrina Sato;ongoing-event
a32aea8d06e4d6152a43de3c91f735f8;20110303;Thia;ongoing-event
84d7d7cb407bf616f8466e7c8a03265e;20110302;#winner;meme
06056fb8d35e99a6daf011914f9414dd;20110303;Ninewest;meme
750465534aa65011ea6e73775743a802;20110305;Rachel Sheherazade;meme
bb27af288f69fac9ee47655aed1d8b0a;20110307;Magda Guzman;ongoing-event
18db5565f70fc1e2abed15cfca8bde15;20110304;Eric Cantona;news
f623397b6f7e781442e666087aa55ce2;20110305;Reality Bites;ongoing-event
c0eb0932247b28256f89b7d4ac081644;20110302;Hans-Peter Friedrich;news
58acb4a0f10ac11b1e882d0a048142bb;20110305;Ryan Johnson;ongoing-event
c189562a2fd282e98333f71fbc1d4367;20110306;Michel Teló;ongoing-event
fff5cacafd22d16aa45e20b576289399;20110302;Indra Nooyi;news
0c0c36e9570bdc6622e04f3c428bdb76;20110302;Slaughterhouse & Yelawolf;meme
ef62f81fa2b448d7c6052b6ea2ecff04;20110303;Pulp Fiction;news
7a822bce6c082ce856af505a68f238d8;20110303;Tofik Dibi;ongoing-event
bf54a174e787f9480887cc2b2e98f01a;20110302;PVV;news
afb06ea04519af380e14a14a94135670;20110302;Gainsbourg;commemorative
da9338ff096886b7ad970305d9a416d5;20110304;Tomas Costa;ongoing-event
0954067eecb49a532c9161730b894c1e;20110304;#debatepresidencial;ongoing-event
9bc641f7b8c787422a69d47fb0eb531b;20110307;Gail Kelly;ongoing-event
85d52ed6715977b5e4fc53fa29540865;20110305;Benjai;ongoing-event
56326fb851c1918c9b954a13cd007c57;20110303;DCO;meme
51491df53564ef6a62a59cff282afc18;20110304;Eric Dampier;ongoing-event
0f5f41cea32fa4acde31536288532a03;20110301;Soledad Onetto;news
ea7ff69e21758673765d2b05b0bd9339;20110304;Klaus;meme
d68aa761879ae2c23f03a82c77d94a33;20110305;Deitrick Haddon;ongoing-event
2d1bdad8c1ae906c34698b01f6db5f20;20110306;Pav;ongoing-event
c9978d9874f614f416188d506819ba7f;20110304;Lib Dems;news
49b2317126b9a9f7c0f6b75a80b8d090;20110305;#getwellsoonheechul;meme
818c8c648fbc936d8274f9d3d04b0a87;20110303;#yosoy;ongoing-event
bc2c09cd1b6317fb26d72fc303836e54;20110302;Dudu Surita;meme
c2bdcca99d42a4bd0175a1baae3b3d91;20110301;Dydd Gŵyl Dewi Sant;commemorative
2d178eb8bd263d0312e1e59b0e34b8d5;20110305;#earnyourself;meme
902dc9f11f73fa61015d80ab494723d9;20110304;Kampmann;ongoing-event
925a870cca98dc8ef33f39d1b3fca157;20110304;Lynyrd Skynyrd;meme
49ef35df05a142b0e7ac842397771880;20110304;Brian Bowles;ongoing-event
b33faea3b3557b559bc98b0a395fb224;20110306;Lembit Opik;ongoing-event
0c5ec82626d210d25052be53e95fcd91;20110303;Boston Rob;ongoing-event
1b7d5b2951b91098dabf045846a8d03a;20110306;Indiana State;ongoing-event
e0dc18e7280a880bc1d8c980ed1f5518;20110302;Boaz;ongoing-event
fdb159482215286fd31d7dd36778f353;20110306;FACH;commemorative
9b1c751ead304bac7d520b14cfa595b8;20110304;Olímpico;ongoing-event
601728ba563eda6f8948f0f7e4538824;20110304;Acoustic Aftermath;meme
ebf51d4c045a5d3706a46b0e959c1694;20110306;Tony Slattery;ongoing-event
50b32e0586d89e4303d7a6f4b332c167;20110302;Casey Abrams;ongoing-event
257c941753478852a2436136bc72ab61;20110302;TOP10 Profile STALKERS;meme
074a8354b01430461a358776fc302e4e;20110305;Murió Lina Ron;news
a70619f4e6fecab5633a29bf76a8abc5;20110305;Dilshan;ongoing-event
d3c63e91cb155fc3d067253f743e0ed9;20110305;VaiVaiComRestart;meme
578e402576119fe62525e32e7428add2;20110301;Ana Maria Braga;ongoing-event
a6bb9e909e5267af5e7f2b8afb85cf56;20110305;Motty;ongoing-event
6d8e0f5742b6ef4ae030a9d26136bd05;20110305;Tucuruvi;ongoing-event
e87e41fd06ab0fe8eeb9a4f2e2cdc25f;20110302;Randy Ubillos;ongoing-event
1493e7b10f5d82bcf533727380a7225e;20110306;#heefey;ongoing-event
aef8bf8fc260bca58c4551e927b171b0;20110302;#tigerblood;meme
e595b0861e6f6ef7a164eda6cd7fe341;20110306;Berbatov;ongoing-event
4fe9ce7ddf7e851c569b731e67540d0e;20110305;Ellen Roche;ongoing-event
44d16934701328583ce894b4db7b2aed;20110307;Hennesey & Apple Juice;meme
0179ff9a39a6bb6eb3626e8018c8b466;20110306;Molejo;ongoing-event
8653223b51b6bbfdfee6d98b227bd3b0;20110306;Shannon Brown;ongoing-event
3e74e7f4e17777586538372eb7f0fc02;20110307;Nolito;ongoing-event
dcd744020441049313bcb934bafbdae1;20110307;Joe Hockey;ongoing-event
d14ed7ac07cf81ae5b0bca79eaa8e0e2;20110301;Nachfolger;news
231a0d6170c8b80202fc8abb3fe26e54;20110306;#shaqday;commemorative
3331ee7ebe5859e4d4a52bf40bd70a26;20110306;David Miliband;ongoing-event
4724850ae14037d5da051727ef4f0833;20110302;Julie Taymor;ongoing-event
d72faa2edc99b79f9320c49ff799d23b;20110307;#stmargsissofly;meme
d76c8b52c0c47929eda33655157be367;20110307;Ana Gabriel;ongoing-event
8236a7ee82e9ae9fe5188580d37ae0d4;20110302;Twitter CRUSH;meme
c79bc4697b232b1b5fae8a40f3a3a33e;20110305;KFC Fried;meme
760bb7bb4787cd665d1ec5b4485f1fdd;20110302;Silver Valley Lodge;meme
d49784a220850806883fef8b0fd3ad11;20110304;Daily Star;news
6f59f47811a39e6fe6783372c52f009d;20110301;John Stamos;news
e952faaa9b975f7bb35acdf70bd9ae68;20110306;Broady;ongoing-event
32452f5f814aab897a110dd8f021c944;20110307;Lucia Mendez;ongoing-event
b166651df034866be6a9d31204ff8431;20110306;Watching Aladdin;ongoing-event
e5b52e916767ba34ecff51914abd997f;20110301;Max Mosley;ongoing-event
72cc1b55c02d7694a9792306097a0284;20110303;Honor Code;news
08770edd228187f15d4bc1d4609d5ff6;20110303;Adam Garcia;ongoing-event
53100ba676b71e8cea001914d318a9c3;20110307;RestartOnEMA;meme
22f2896d7f569619a34b93ec1dfb7de2;20110304;Jason Richardson;ongoing-event
c1e13e3460334ba730c5566cc3ecad5b;20110303;Grothman;ongoing-event
71dd40699f9f3035ff4d13bd6143530a;20110307;Saucy Balls;ongoing-event
63c4b2afe63c4aa3853008ebb9f3d15a;20110306;WLGravityTour;meme
cd2952429b323470d53aa5102e083dba;20110304;Rev Run;ongoing-event
4df932f4e6a210f675ada676d91cad51;20110304;Rensing;ongoing-event
98ed8de043d8efb562679fda3cc0b68f;20110305;Alexandre Peixe;ongoing-event
1cd8744039d1a4c5be6e9c89477f7fea;20110307;Star Jones;ongoing-event
247f072c4b03f7416bcbf36367fdf200;20110302;Major League;meme
c145139d26813639b8fe6f4d0b282281;20110304;Massu;ongoing-event
e56038477a8a7d2dc719fadd6a783c18;20110301;Rubén González;news
88756ab57e0945c6455553c4c4cc622e;20110302;Islamabad;news
50e35cac5e39f531d10ca6d36b991658;20110304;#catwest;ongoing-event
11486d83dcbb04be9349b8a75877ffd2;20110305;Johaug;ongoing-event
173460c90b16151a069b5d4de669e5f2;20110307;Classic Tattoo Fail;meme
6e94129051e1e5e3b25302534c95b11d;20110303;Marokkanen;ongoing-event
fde4af03e3424e6fed6d7347830abc96;20110301;Justin Drew Bieber;commemorative
6a5c42fc43e58b8ed67ab5da8d965c51;20110302;Wild Thing;ongoing-event
2489071634f783fa1b09a01ce648359d;20110305;Zenon;ongoing-event
1ef47b72a84a399cddfa7687752d0457;20110302;Deb Roy;ongoing-event
66a268e58bcd6fa15439f8ffda246b8e;20110301;Carlos Arroyo;news
76d2928581fbf942ed4cbd0d3d39d73a;20110304;YearofTheBOSS;commemorative
d39e9d72aa749d5678e808ac35a106d0;20110307;Rulli;ongoing-event
78070ad148360a26dc9eda9b0c6b9152;20110305;Shurwayne;ongoing-event
a40fca674b0d13331384034afc5e5107;20110307;Capitão Gancho;ongoing-event
b02e4c2b670ab287242225ddf20ec765;20110305;Germaine Greer;ongoing-event
b0e9c0081b9812c8b5b8585414ce4507;20110307;Sir Patrick Moore;ongoing-event
60a9b7d86301c925b4265e85bc2eac32;20110303;Tijgertje;ongoing-event
1520939e3a707622c8a69fad67b001e1;20110302;Carlo Ratti;ongoing-event
7a67ac2ac8a077816d42bf0c98e50a28;20110305;Najib Amhali;ongoing-event
23173896ee1d99b6c6af17d49dc84413;20110303;Liquor Store Blues;ongoing-event
f89a58b7424a1fdd0520b3d8660b4f71;20110302;Morgan Spurlock;news
7aba5fc2c627ead568f66ebb9948d2d9;20110301;Ralph Macchio;ongoing-event
19b10bc9fd1f0338c6abfd4b3a9c1872;20110305;Debbie Morgan;ongoing-event
6d5849a204bfd2a5ccdbfbb3fd5329b7;20110302;Whose Team;meme
585dd101db8d184a727826b2d3befdc0;20110307;Tammi;ongoing-event
81431db847418b20b652b890a7950adb;20110302;Supreme Court;news
fe42f1ba84557e41c9e2360e0991164e;20110306;Charlie Sheen Ustream;ongoing-event
9150056208d6d91440c59281a97673c6;20110306;#javamusikindo1;meme
0dfabb64e139f1212e4b4c032825c968;20110304;Mark Munoz;ongoing-event
e69e6fced9b67c86a582ab8e4fd82c86;20110302;Jon Diebler;ongoing-event
4795bf06475ab19dbb026ecefb80e6d4;20110303;Daley Blind;ongoing-event
4a4e2ab094a4521b06252e9fdaf1fd0a;20110307;Bobby Brown;ongoing-event
39cfcdf856626fa277e4a3a8ef12521d;20110307;Lenita;ongoing-event
21f3fed1fe82a0f44a9bb708334e528f;20110306;Valeska Popozuda;ongoing-event
9af84e14f1917faca4eccd69e5757de1;20110303;Amla;ongoing-event
74266584552f6921cf7f6e153749ec98;20110303;Jim Travers;news
accf2a3e02978d940728d938ef48d7b6;20110301;Cobos;ongoing-event
560b36ede93bbd457cac29b269281dc8;20110304;Jack Horner;ongoing-event
5e1d6c434b4c383a964e34218d929d59;20110305;BlackBerry Protect;news
2986d8638adc1d3a82506f5eeb10dab8;20110305;Machel;ongoing-event
ad0b95acbf4245f5cbfb79211c0652ec;20110302;Tchau Diogo;ongoing-event
55e41bc24fb7ef8ee8b12ae366f6f670;20110304;Parques Nacionales;news
7111f1d4ffc9eba98d4488d0c0e9c5ec;20110302;Shahbaz Bhatti;news
1518592335ed0b548549f7f1d8ecf318;20110306;David Ruffin;meme
9510cbc739d09873ed6212fbfdce4120;20110306;Marcelo Bastos;ongoing-event
3eca7fb7a1e17e413b07cec0fb7fad22;20110301;#letsgohigher;ongoing-event
fa30bf0b0c101b4760dfcf83a2c417d8;20110301;Major Fábio;ongoing-event
16c46712ee0e0013bb81e89ddd9afc4e;20110303;Escócia;news
1d7da710a4565dfbe1a9d5149bae965b;20110305;Iwer;ongoing-event
1e172aca3fdf9ebaae608256325df969;20110304;Great Morning;meme
329c97ea4d4dcb06b3fc3f95d75e007a;20110302;#tipicasmentiras;meme
2e3af71d9d5ec783baca5795f7a5b432;20110307;Indiana Jones;ongoing-event
059ed2b127f13864b451941a095dc015;20110304;Norge;ongoing-event
107c976cfa9ca04d4ffff85f74207192;20110304;Francis Lawrence;news
2bd1d2d984d136c7f73d1b6e024b0982;20110302;#thirstychicks;meme
10a6833d761386b6a5f0c52c576ea0cc;20110305;Blair Underwood;ongoing-event
86a5e6727c48919604bd40243c21646e;20110304;Larissa Riquelme;ongoing-event
ee50a993a3d0655ce00797a13f560e9d;20110303;BYU;news
2caeb80c5e49b45bbaa7cc2db51ce55f;20110302;Kid Daytona;ongoing-event
e5444642d026815590b0bb946a9b870a;20110301;Ferreira Gullar;ongoing-event
bcd023996fdb9ae924d1b0b76f7db491;20110301;Paola Oliveira;ongoing-event
a934e2d1577ba321b7e58da4ae319239;20110307;Jodrell Bank;news
d978e4463da8ce36c6161acbe0d41542;20110301;Karl-Theodor;news
7717399e0f11afc924a23db9a13ed433;20110302;Jordi Alba;ongoing-event
a4c65dcf2d093a9f21b28cd3b573ef77;20110304;Sondre Lerche;news
157ba25279709f78be4090a8ef699667;20110306;Dustin Jeffrey;ongoing-event
774b3948c9a9dd2f4f8a3d04d024744b;20110304;Hal Gill;ongoing-event
fd0f7037a7afb32588a9e3046e8baab4;20110306;Rafaels;ongoing-event
aea72c79299449faafb519e7072edf23;20110306;Anfield Road;ongoing-event
3c8329eb093f62f06e17a5ce03b26661;20110305;Colin Powell;ongoing-event
13b6930a58f0666e8c6fc409491ced13;20110304;Ricardo Noriega;ongoing-event
16ee3b5edb31e001650905e7f1e0b705;20110307;Barry Bannan;news
b01b285312eb0a0c67e508eeb08f8a88;20110302;David Attenborough;ongoing-event
7f1d9a1bfef1e122e78be68c81563cf0;20110304;#kakkos;meme
72ddba4c9c7216e945ecc0dc3d5f629e;20110302;Bernie Mac;meme
43a77176c021459123b4c9087be6690c;20110302;Emilio Estevez;meme
c1f325347e5f6ad3f4682971571e6e17;20110304;Liniers;ongoing-event
af3fccd504930c8953f3dfc052993ba7;20110306;Luiza Brunet;ongoing-event
342298aebf365960da06657628944aef;20110302;Bobby McFerrin;ongoing-event
a9af02debc0d7bd19fe3a17f063d27bc;20110306;Boitatá;ongoing-event
7a0f28fe134f67917c32f9127f1fc182;20110305;#imageawards;ongoing-event
3da800a5ecfd2cc8c503cf5b009f42e4;20110305;RebeldeSBT;meme
2ee67ed02aa8ff6d793a7fd2f4445838;20110302;Brett Loewenstern;ongoing-event
deed5dfbee3cb71c4c67b6215ad866ee;20110307;#drakeline;meme
83bafed2796053854b655a9c19cced80;20110305;Poor Dougie;meme
ae6dd977d4f54c7730dc9a336783f668;20110301;Imola;news
4ee9d4a870fe0ed5ca8294a158eda616;20110307;Evil Stewie;ongoing-event
fc493bd7097eaf37ad65d1d0e4daa5f0;20110302;#happybirthdayjbj;commemorative
712f6317304ed76bbacacfd4d2fde116;20110303;Michael Carrick;news
042dba4d2faaa29cd2fa4c0125416d25;20110301;AXN;ongoing-event
a869cba5fd9a2c3b5324b3d66927c453;20110302;Rolf Harris;ongoing-event
214d24ee7cc061cf35957fb922d01db2;20110301;ECJ;news
4307ed29ef4dd5e5f78999ea368f7883;20110307;Mashonda;ongoing-event
1034367fd19b3a1b4c61b36bba4bbf0b;20110302;Scotty McCreery;ongoing-event
f139ce09521967790c01b2ffd8a3726e;20110307;Beto Cuevas;ongoing-event
b4431acf23aa3ad2b30f7a680ea96913;20110303;Gnarls Gnarlington;meme
2f868806f0abdca8da27bc3f594f77cc;20110302;Mamonas;commemorative
83e666a525ab1a77f0c764bee7a4ea33;20110307;Tonka;ongoing-event
26ee8a65de64facd1bfa1c3a7d3a8254;20110303;Zico;commemorative
40b965aa2a17eae4b5d131b50038d08f;20110303;Blanca Lobo Domínguez;news
873b7f62946506ef98ec1b1e48a2c58f;20110304;Anita Baker;meme
825d22d580213aca36f98809577d8b87;20110306;Brian Cox;ongoing-event
ea09e08e75923be61ffaced6e5f4386e;20110303;#worldbookday;commemorative
b87438e86975309dc7cd7ed9a6e101c8;20110307;Freddy Mercury;ongoing-event
e5c271288bf0c18077c6c90936dc74fd;20110306;Frank Luntz;ongoing-event
c6375dac067d5ad7666428f9327b732c;20110306;Julian Casablancas;ongoing-event
ac97d2a97c6e4800633f069e329ebd8d;20110307;Justin & Selena;meme
9e30fea093941e7754fe5660278baf6f;20110303;Ivan Moré;ongoing-event
57f52d1f564c2f27fec23496bebecb8a;20110302;Simon Callow;ongoing-event
84023524bfd0ba0cc9632e804cefbb93;20110303;Lucho Jara;ongoing-event
7716e83f47cef09f0ce57e513a94f0b8;20110303;Jecken;news
723c5e42484d36054c5e135c152e8806;20110303;Kölle Alaaf;ongoing-event
b778fd8cf47f562b56d97ea81ab88c2f;20110301;Adam & Joe;news
e1a7d0fa4a57682fb4e64ddb31755eca;20110301;Buster Skrine;ongoing-event
defb99e69a9f1f6e06f15006b1f166ae;20110304;CCC;ongoing-event
dc996157988d8a52c6dcca8e11f4bb97;20110305;Regina King;ongoing-event
d87ae6a676e26211be4b5ee5a4502885;20110304;Kstew;meme
269084c083c825f2e139113aaf733235;20110303;#tilltheworldends;meme
e44f94ea4b4d3395aa963740562000bd;20110303;Segob;news
4152005babc87514c31e57c5c6339053;20110302;iPhone4;ongoing-event
f55edf597ff4780d44e6861967085f03;20110301;Derrick Brown;news
9086e4b5b29492407a02fdddf541d216;20110302;Living Social;meme
95622cbf889c9827bde6ad34a0c94753;20110302;Tinkle Popo;ongoing-event
d30765e7610c2fe79971b1113c2d4b9b;20110306;Russell Tovey;ongoing-event
44b94cbce80870c7e2f933b355457429;20110306;Nani;ongoing-event
921802ad0a67bc211191fec24de7baa6;20110302;Girl Melanie;ongoing-event
52cfb7cc8fe12ac0a8fa963c91b9a3d3;20110307;CHOI JONGHUN;commemorative
5fb52d2de3605069dd426a7a4de73649;20110302;Lissavetzky;meme
86ba1007214bcaea05dffc8d486177a7;20110306;XtinaOnTwitter;meme
232ada29075280f43d1f8412f32e8956;20110301;FTSK;meme
26d8907ba2c23862065770760a0eb271;20110303;Zac Posen;ongoing-event
c300104f6cdc835e4249521303002de9;20110305;Kathy Bates;ongoing-event
fbeee3fab23d28f979cc8ca99c07b5d9;20110301;Dior;news
2bb517efa488c44740410d6810ae3a4d;20110306;Hornbuckle;ongoing-event
48548b49b6da26b03bb94ef1f903b163;20110306;Andrew Marr;ongoing-event
9c274fed3dc77e11ad08786962f2bf32;20110305;Lucerito;news
2c4d08d7c1fa2979e74ebfe19d02311b;20110306;PreOrderFameOniTunes;meme
2d8485ff1d57ec41f697487a412ac023;20110304;Beer Money;ongoing-event
86034260f75fe7fd4e9c18354490b173;20110304;Wes Leonard;news
9db3753c90d608a49c0da47853e39654;20110304;BNP;news
6c5806af86043dd4ab525efec3845160;20110304;Zeta Bosio;ongoing-event
b44f768dfd7cc91fb885ec7c0d36b133;20110302;Tottenham Court Road;news
86007de4b13059d7af68019129b25d54;20110305;Destra;ongoing-event
2f1f5b2e686c291510da6368a1984a31;20110304;Eugene Peterson;ongoing-event
318207d6200c81be19d5c68dfb2492d3;20110307;Sheron Menezes;ongoing-event
ba43108a678e546d833ddc59d394b47f;20110303;Pia Toscano;ongoing-event
a1946db2d6c66590e3f2a5c27cd33a0d;20110307;Gisele Bundchen;ongoing-event
d84c46d5da761fbed1a4477540ce1bc5;20110307;Aladdin;ongoing-event
6de9a283570262f6978fdbbab2c5bc41;20110302;Kalla;news
e053274b4d82edbd69387c6756c7eb8c;20110301;Fresh Kid;meme
4962c96a48ca925d6dbea974460090ce;20110304;Diego Sanchez;ongoing-event
fbaafb72247d00b23f0ece699beaae25;20110303;Bruce Aylward;ongoing-event
6237ad78fdbe46c721cc6627b41ae69a;20110303;Edu Dracena;ongoing-event
f6c5c0ae6c636b204045d21267608be5;20110305;YOURMAN;meme
7ad3e4b62e921eb42f4076663ad42542;20110304;Roger Ebert;ongoing-event
083d8bb720451c2ee469587aaf37bd38;20110302;Smart Covers;news
432c256cf2f25585a5b955999349e313;20110304;Jaqueline Roriz;news
f43444e2534018fe974385c28aad2f20;20110305;Frank Aguiar;ongoing-event
28c464fd159f45e66b10eb15e9f348eb;20110303;Kolo Toure;news
96c424bf02da045f2ccccc384730dd91;20110307;#celebrityapprentice;ongoing-event
51f83578e919038e60757daebadefacf;20110305;Kwame Brown;ongoing-event
4639eddb4ae9488b351c9f21df9ead40;20110305;Olaria;ongoing-event
c6f804fdd69ef9aea3d218ae81e98ddf;20110302;Jamie Benn;ongoing-event
aa440f98739da4fcf794ec7d4080ba0c;20110304;LibDems;news
2db31f8f8b106f997a22b569b7782a6a;20110307;Tito Beltrán;ongoing-event
c6690ef3f11c2ce726d340c647fbbd17;20110305;Chesney Hawkes;ongoing-event
c6cd89d669a8a8391b50377b32e6971b;20110306;Teatro Amazonas;ongoing-event
20ec5f52179cd9c287045ff521eb5be6;20110306;Mocidade Alegre;ongoing-event
62374d7fa9ebe6ecec32afbfd47e4d6f;20110305;ΣΓΡ;meme
c47bf4a7f254085777c99449091718bb;20110306;LovatoIsMyStrength;meme
7b24fb07cefcd225661ec1fc3a36394a;20110306;Josie Lawrence;ongoing-event
b8db01cbaae64ed76f8851b9690d7ab1;20110306;Cesena;ongoing-event
610b9f7db2561f22b24d02e55fcc07a4;20110307;Zeca Camargo;ongoing-event
e7e1a36304ea4504f9b13d01f80ef87b;20110306;Redmen;ongoing-event
6695f9eb1e5945ece16cb6db706cd393;20110307;Rocio Banquells;news
d5eb386a8bf0d01a79524bdc16446184;20110305;Anthony Taylor;news
57eead599e8eac2b38e157db9698012a;20110305;Therese Johaug;ongoing-event
2da4e71f86e7ebd43fb89f64f27f9ed6;20110304;Sakara;ongoing-event
ed6ff49534d46b35f1dd067cc25c98b0;20110307;British Pie Week;commemorative
fd06f6aff94b8f2bade7efde2b949672;20110307;Oneiric Ocelot;news
05adaa5441b4e2e94de8bcf37a711a0f;20110303;Sleepwalker;meme
923d27ff695080ba67d11307ff86c729;20110304;Ridgemont High;ongoing-event
1371f027a7fbf67c4e98a46b686586d0;20110304;Tim Healy;ongoing-event
bd0f5514480041af7280197263a9af47;20110305;Alprazolam;news
f3c7b24e471f8c36f8c39e13c2d2e2ad;20110305;Fernanda Takai;ongoing-event
bed99e5db57749f375e738c1c0258047;20110302;Gyroscope;news
18b30ef7374d1d28e74f16fbd85a1551;20110302;Seriously Wiz;meme
dca442f2b333a7848b140e6410cf9265;20110306;#sheenskorner;ongoing-event
8460b67eaee7cf53703564fe461b2ffe;20110301;#complimentendag;commemorative
412070b7feb8fc0fe4859d864cf83596;20110304;AK47;ongoing-event
17514bfafb29e93ea157762655b89320;20110302;Dira Sugandi;ongoing-event
e116381ca60a5b21b9bec0a33945882a;20110305;Welbeck;ongoing-event
8b849741052f96aec3f5a1cfdc4b4a73;20110305;Miriam Margolyes;ongoing-event
d060c87e40c4d7d2aebb14c8b3891ea7;20110307;#premiostvynovelas;ongoing-event
8927ce467ade0c3d6ee6f3c91a164ca1;20110304;Södergren;ongoing-event
252b853b27a14937dabe19d380632b0b;20110307;#skyatnight;ongoing-event
2b79e393b1b4320999c008d577946c5f;20110304;Weidman;ongoing-event
0f033df8d19cd555610e582545ab5278;20110302;Tom Kitchen;ongoing-event
ca4962aec263a8bca60401c11b733b79;20110307;WeLoveTokioHotel;meme
7ab50699eed49b0927e9f19ad26064b9;20110301;#verboscolombianos;meme
c8f6e9570bfdb8fd0859bcfcda99f0d4;20110307;David Cassidy;ongoing-event
6fe5c075d1ef054e2b9d0274e6fc22fe;20110302;Frankfurt Airport;news
ef8af2b57c989c775237855e8c3fa5d9;20110304;Bernier;ongoing-event
d8920c41fe4b42014003d118b3e3738d;20110307;Bulgari;news
88699eca158c291d158c1aaaaef598a6;20110305;Bola Preta;ongoing-event
58ad90f988761be1a9fecccafc2d3382;20110304;Diabate;ongoing-event
fc765df4ec834c596818367f264bf433;20110302;#tweutr;ongoing-event
e46393b56858474218a7709b4ad47965;20110306;Vila Maria;ongoing-event
a98526cfb930afd2ca3a89f0d65a6ae9;20110307;CdBrasilDulceMaria;meme
06ec9d51808e8f39d9a9a036030dbfb5;20110304;Ashthon;ongoing-event
99285523e4241fe151b2e4ab4204f9e2;20110301;Nia Long;ongoing-event
cc79356539a59b5afd6c2fc8d3b0c691;20110306;Jurassic Park;ongoing-event
6a2031b81324ba486a507049d9894416;20110304;Nike Eyebrows;meme
8f45270cd7d9dd27fcd5212faa8f573f;20110306;#welcometoirelandbiebs;meme
e5e4c108f77a339475860f8abbf71743;20110305;Eat Bulaga;ongoing-event
a9474b061fd4936cd8a27cba4bf8002c;20110306;Simon Rex;ongoing-event
2ee51a56fe5438963abb1379d677b704;20110302;Papac;ongoing-event
1f48c3483a6514ba480aae6baaa1a5bc;20110307;Imperatriz;ongoing-event
53bf0a20a24b58f8fe19fa0a9960d7d5;20110302;Two Movie Tickets;news
4ee324d90dfa35ef82c6c98c31b29453;20110304;Hartnell;ongoing-event
c77692d7f46038f777e0b32d212d6661;20110303;Carice;ongoing-event
74572c9de304e19b5d1fd0b00d6d2526;20110301;IRPF;news
280b08802a08fdcc532c672f8a7a5cc6;20110302;#biwinning;meme
19c794172bd646b29b3e12c5a93b25b6;20110301;Agassi;ongoing-event
e2a3255707c3c8e1f9d1525de2b96abb;20110301;Evan Bourne;ongoing-event
3b51d61d022305470fed1e0b41441396;20110301;Jorgito;ongoing-event
4acf634c44936fc8b914cfd3e52a3165;20110306;UNC\/Duke;ongoing-event
9e3e6f45a1f3f7708b18ee426bdaa5db;20110307;Christopher Hitchens;ongoing-event
0eab421196ef6f44355eb5f6da9b4454;20110301;Pete Sampras;ongoing-event
b0d551c6d6820c6d17b62fb195318df0;20110303;Diego Alves;ongoing-event
0f7e0a4a07454baef85b1485b9c9cb0a;20110301;Rick Barnes;news
97cbd58a8b5110f1a015abb59ada0fdf;20110303;Harrison Barnes;ongoing-event
3421aacfb66272e9086ec64022281067;20110301;Negredo;ongoing-event
39c5008b0e298b2467c4f1f8334dbaf6;20110302;Stefano Langone;ongoing-event
44f1fa64d8974c18bcb9182286d3e2aa;20110304;Phil Collins;news
c8bc2b2629bd9bb614fc01390c27f1ad;20110303;Jonatas Faro;ongoing-event
17c001b72a7d56c36a66eab477442599;20110302;Sandhy Sondoro;ongoing-event
d2e059463f9d240ced4243268b7c929a;20110302;Lavínia;news
4c1e24118f95cf78bd776bfb87722155;20110301;Márcio Goiano;news
fe3f0975c8d010ea463d382777007a03;20110301;Max Boyce;ongoing-event
3c1cf017d389266e75bdb35b51cda680;20110305;Pernilla Andersson;ongoing-event
af212f8ed0d70dc817166b06b794b591;20110301;Beluga;news
83d533bc3bf3d0c9f0b77d4ddc9962b8;20110304;Edgar Jiménez;ongoing-event
36d4f551679ba169cc4aee34f93db65d;20110305;#lv42040645;ongoing-event
cd344b2eea197c83b5e62c9954df0abb;20110302;Bell Marques;ongoing-event
b58305c9c82ecfd1b0a42d0a6215e715;20110301;Sarah Marquis;ongoing-event
f67bd941d8c46a6402586e6c72b2fcaa;20110303;Jersey Floor;ongoing-event
a6a2605f4fcb7f7e156ae4807280cbee;20110306;Stone Temple Pilots;meme
e439f2c6597770f083237c6b0c4425f8;20110306;Dear Rolling Stone;meme
50f3a0ed178f37e78a2dbba04e4da936;20110302;Selah Sue;ongoing-event
f2465ea7bb4cd799f608d49e5433deb5;20110306;RestartComOlodum;meme
d209087201a5e34a52d34bbf155f5c0b;20110304;Skip Bayless;ongoing-event
fe30b1448354066e173d65062620be19;20110306;ProudOfJonas;meme
5bc4a0ee2929289ab0aa7062fb70525a;20110305;WeLoveMichaelJackson;meme
bf0e849bc5ecc911d165a4ec20a059f4;20110305;Marcio Canuto;meme
807856db760351cb4295b68ebce06175;20110301;Wadah Khanfar;ongoing-event
f50888c2c5b9244ebe316315df83186b;20110306;Franklin Street;meme
6401813085837e9f1f8b27eae98ac4f3;20110305;Mountain Dew;meme
36acab589c9d73d8e931f128a69d4ef1;20110306;Yusuf Pathan;ongoing-event
d9cb7dae0bb0d3a475db275d05cc4c91;20110305;Dateline;ongoing-event
25247f5826b6b9019d9c251f947a7164;20110307;Gary Busey;ongoing-event
d9c01fc63d9e8aa86ffd21d81c44ccb6;20110307;Angelique Boyer;ongoing-event
20eb10b2a243bb876e3db547bdfd3e8f;20110304;Taylor Hall;news
601e24b70c3d8a9320ef62e8060ad3a5;20110304;Zach Porter;meme
b569a013ce488f059144abf87d39ae15;20110303;Merche;ongoing-event
83adc9a011034b7193cbd9f8228737d0;20110303;Limburgers;ongoing-event
3f92e0df04ea9e1c98b959e465569dd5;20110302;Battlefield;news
1e8afb32c771e3038d3ca3aee7f70e29;20110307;Two & Half Men;news
a6508208256cb46c4b58c4b9ffb319df;20110303;Balmain;ongoing-event
6b5bccc36f495b48a8eb0b826ea3d889;20110306;MOTU;meme
65e92640aeb9152174c429f7b7ed3119;20110301;Captain Haddock;meme
eda8421e5b7502415c8b3855240008ed;20110302;Jovany;ongoing-event
1e9a9f384859b55d865da7d72170d182;20110302;UDO Anzoátegui;news
21901e87b4824a0e57f896066df866bc;20110303;EXPERIMENTE941B;meme
c6c959f8c7b2a9a427604814aa9f4647;20110304;Alessio Sakara;ongoing-event
055675178020200d3e48bcc9b9acd041;20110304;Isner;ongoing-event
1aaf70bb487721e7704158f5f977b0d6;20110302;Fashola;ongoing-event
cdb208b70bc5493f820cac5a02a12466;20110305;Miki Roqué;news
b07248a053476208c1ddfedaa25f6cee;20110305;Kemba Walker;ongoing-event
ba05766b78d21b272ae1eedf00c3bb20;20110302;DeRay;meme
c65c971f4b9aab4294dd1d94208d76bc;20110302;Innenminister;news
733e623fca27e53a68d831c04a668f42;20110301;CHUM;ongoing-event
c80e68f4191a8150a52cf5cf43a6bdaf;20110302;Still Winning;meme
e5ed7dcdde5713e12602ca5b6edd478b;20110304;SELECTIE GEZET;news
c905ebf66fe4a355586947dda03b654a;20110307;Rob Niedermayer;ongoing-event
52153e6dffc71c31ced035945377e0d5;20110306;Derita Cinta;ongoing-event
34c5c20bcbde26a76834f62b316cce72;20110306;Kendall Marshall;ongoing-event
ac24b63abedfe221e222ee54223b48aa;20110302;Sziget;news
9aab8612c30a0d33a72900120359793e;20110301;Sonja Barend;ongoing-event
5c30c0a445ccefb1dcf56de67a660d9e;20110305;Tony Greig;ongoing-event
7ca28c67b72617f0992a8be7eb6a489f;20110301;Nelly Furtado;news
e17b68f9a1c887cff821581bd1ac58d3;20110307;Alejandra Barros;ongoing-event
29a9fa36c527ba88544c1869f19eeed7;20110302;Smart Cover;news
2c530792dd2fa2fada424edf6cf6d46b;20110306;Cubango;ongoing-event
c1f27e1d2b84b4beadeb1771e311a79f;20110304;Sarah Kay;ongoing-event
3cea4d66e17dfbebc0cca92f73637d0e;20110307;Mariana Gross;ongoing-event
00552e151f01a61ea28609d4450b6383;20110302;Gretchen;ongoing-event
42ba72285040444e260d185efb70e120;20110302;After School Boys;news
7e6b2d1cc0b70defcbc353342ca4ae25;20110302;#sorryjustin;meme
91829adc2aa4f3e7fb06d748e55816ab;20110303;#breakuptexts;meme
51b43a573ae97cc0d80bc75e77f403f0;20110304;Dorito Bags Though;meme
877890e06827716cea520cae6c2b24c9;20110301;Grenzen;news
18d0ff1b631a28960f41118fc426dc15;20110302;Fandango;news
c950ee6d8f5b197e8a7f051b08239c99;20110304;Ban Bathroom Models;meme
2cc31dbcfec9f1fe82cc78841a616f32;20110303;Renan Oliveira;ongoing-event
db62d9b7c5822f10f9d5dc09e41638c7;20110303;Marcelo Camelo;meme
d0ea74bfb8dde75ea095c26dacc0a278;20110304;Dollaway;ongoing-event
1928a801fee9cb57fe2daa608f6714a7;20110306;Jody Bernal;news
cc654a527528a799994e28a7eee757a1;20110302;Marlon Stockinger;ongoing-event
aab997d1b5d3eed3cd10b650847c0484;20110305;Bunji;ongoing-event
a0780027cf01c5e62fce208023ec4cc8;20110306;Papa Wemba;ongoing-event
d3830449bde1616008563327ef6dc9f9;20110304;Harvey Fineberg;ongoing-event
6bab3d345fcbd709ab3780e0b0c5daaf;20110303;Karen Rodriguez;ongoing-event
cdd222a70d71354bd926f729ebf005db;20110305;Nicholas Parsons;ongoing-event
bf88e5ec6c19cc4c0d502e5121dd2750;20110304;Tokoto;news
4f13920388d9432f6b2bde91cf03f60b;20110306;Lakers\/Spurs;ongoing-event
5b3e9bffb23e36cbcda746c7ecf38f15;20110303;PvdD;ongoing-event
b2feffd403ad8c0d625f547a3fbb0e76;20110306;Melvin Manhoef;ongoing-event
471377609928e940efda062a4f90dd7f;20110301;#cadenanacional;ongoing-event
671346d1e3ff297e12cdc2d15ecaccb3;20110303;Cherries Though;meme
9b5f408d79d90d20e8b6be1e10f749c2;20110305;Zélia Duncan;ongoing-event
1c82ffeba88ee24b85c7a57f72039c17;20110306;Tony Manero;ongoing-event
b0e336df3ad4cf2c4f3a1fac54d6d960;20110307;Pat Knight;news
cbf0e29c430111717cac05ac00744e0f;20110306;Ángel Reyna;ongoing-event
5c9aee12299d9d62bde4583d7021d147;20110302;McRib;meme
0ede4ae15d9848cfdf5fa7af9abbf121;20110305;Football Focus;ongoing-event
a20de12137850b6f555abd087856fa16;20110307;Bercy;news
004d6d2390fd9001504d8282b8da0b92;20110306;Fabio Aurelio;ongoing-event
47ccc8912951f7f55f1b3277919097a4;20110302;#deberiaspegarteuntiro;meme
f8a30fbfcc6b775a95145818933595ec;20110306;Little Rascals;ongoing-event
e1db0b3aedb226ca9104dc617cd67c29;20110303;América-MEX;ongoing-event
86f9d1d673390c3fe5c20a4982436245;20110306;Masvidal;ongoing-event
019161dc9af049503ddb037083f3d14c;20110304;Spoelstra;ongoing-event
799dbf72acba96da5cc5bfdb151cf0f8;20110307;Reinaldo Armas;meme
b57fb808294ba283a82d80f192d78818;20110306;Hawn;ongoing-event
a8fcb6c4986a99d0040045768821a704;20110305;Silvio Merida;news
00cebff9724b106648b9251f45a6bdc7;20110306;#wonders;ongoing-event
5650e5e723afbc85df187e06b64c533c;20110306;Mike Miller;ongoing-event
af2dc1310154db5fb8acba2bc3e93b72;20110305;Pablo Marini;news
662c854807a101fae42a363f6fdf3705;20110305;Joe Swash;ongoing-event
43d7f8795b0eac870749d0e09a710482;20110307;CineNoEMA;meme
e03d072ce7d43d7d4138679b6eb6f63e;20110306;Yuvraj Singh;ongoing-event
e69f0da60f322bc96b7a9fb54ddb9393;20110305;Larry Lamb;ongoing-event
876bb524749754bfddfddcd9c3a4023f;20110304;#factorx;ongoing-event
d44e40f8f9396ed1fce91e2a985b5d34;20110302;Nitro JavaScript;ongoing-event
a7e9347ef2edab479db25b074c751d85;20110306;Björn Söder;news
1dd46b5ca48208f05e0802d5804ee7b9;20110302;Judas Priest;ongoing-event
2273a5cee594a00ba38eef7d41cb9bdc;20110304;Arjun Singh;news
368797b487a5b3ea92e63e91b0e2d351;20110305;Rhod Gilbert;ongoing-event
5d92ee5df9848f2a36376687db9d80f1;20110306;SNL;ongoing-event
60454991f62742a942126b005bf25c56;20110307;Bob Diamond;news
87419b758191e7c765b0c9270c1ad189;20110304;Interpol;news
78524297124f5cc5c61bb623ad757aae;20110306;Steven Fletcher;ongoing-event
1f8fd654cd8f1db3e7d1353284fef14b;20110307;Prince Andrew;news
52d32ddb18df101de3c7c34d9feaa802;20110302;DIOGO SAIU;ongoing-event
9ff084e11fff0932581f87e9a5e19c1a;20110303;Wellington Paulista;ongoing-event
698c30357e1fd313b48eae9cefe168c9;20110306;Mark Halsey;ongoing-event
758d2de8844957aa714543ac30624545;20110305;Coach Knight;news
e4b23997a9b722ca6c15d14bb018130e;20110302;McLobster;meme
29488b62b5f838ecf5cb84b683c59c89;20110305;Racial Draft Pick;meme
346c91de7dae12697e203527f2437dcd;20110304;Danny Castillo;ongoing-event
1520da03f24eda20393565fafd50989a;20110306;Wyk;ongoing-event
78de9b806212aacaa6347df7d2b7851b;20110306;Fach;commemorative
024fa2b9bbcd5467d9328677bcb0ec3f;20110307;Jeroen Krabbé;ongoing-event
9109ddb18dbfe863e70815afa9e8ad3f;20110301;TAKS;ongoing-event
22b137bb55a2a3fa824ce3e1f9665245;20110307;Caixão;ongoing-event
25bc74dc95d1a6912b6424a4bf8f403b;20110305;Michael Ealy;ongoing-event
d309bfd18249d668b9cd5dcf5e7fc37b;20110306;Anfield;ongoing-event
39bfea746862799d5f81d2fd2556bedc;20110305;Marco Zero;ongoing-event
4cbc16a9a60034b8357b40b38bc5b414;20110306;Lacefront Malfunction;meme
23edf3874313d3511f023f2cb43fb41b;20110305;KAΨ;meme
4a64d93464508df2fcf9ecf39a164316;20110302;Ambien;meme
fb38987925928d1b711f4c8f8b230bde;20110306;#losbulls;ongoing-event
416f5d9b19a15a6047db234ee9156333;20110306;Severus Snape;meme
fca8d568e28b286d47531a4abba0b640;20110307;Ras Lanuf;news
59bca88470e0e28e12f3febf383658fc;20110306;Superman III;ongoing-event
e665afddd823d0f4b6241ec577f576eb;20110306;David Walliams;ongoing-event
5f1b717fdf52582c92259096b8388873;20110307;Janet Albrechtsen;ongoing-event
5d4505cca5926a8d9a4f4df20c1fb74f;20110302;Chamakh;ongoing-event
5a9b9eb323179c1282dc45af0009e442;20110303;Riccki-Lee Coulter;meme
f5ab0cb262882e7adde4ebfafd2a476d;20110307;Pantene;ongoing-event
ecea2575dfbf7582ed937e2aa56ad300;20110303;RTing;meme
0ca86cd0fdec0edc56262295a5cbca94;20110307;Glenda;ongoing-event
97d8d94cb1797c4ec9e191d258253f3a;20110301;Presidente Dilma;ongoing-event
19cfb5c2f889aab5bf0f9a009864b92f;20110305;Jack Dee;ongoing-event
c609febbe2e756096e1aba759cea3ca8;20110303;Sal Khan;ongoing-event
76305f2c5b8fa8db6c685bc0229d60d1;20110307;Nelson Cavaquinho;commemorative
b0f5c64378e4b13a347901767c3bb841;20110307;Reynaldo Armas;meme
1dc72b418adaf318438c45572172955f;20110301;Paranormal Blacktivity;meme
6596fe811358a7e13de908368079e30b;20110301;Gift Raps;meme
81a350c75d118b92d10b2aa61b1994be;20110303;Essam Sharaf;news
69ec342aec135338e3a7845bfa19d547;20110301;Troy Murphy;news
ebf1837f2d4461866566e161396ebaa5;20110302;Extreme Couponing;ongoing-event
4b9638b28255b85cc0ba403c322e49ae;20110301;FCAT;ongoing-event
145a3e0cec85058edc95645f65d21198;20110307;Shaunie;ongoing-event
c98f72390cc35be838ec6ad160e73496;20110301;Chelsea Lately;ongoing-event
3bab8cd020fe74db33c9f125369116a5;20110304;WeAdoreLovato;meme
c2912e93bd28ae826271288855f05dea;20110305;#iftwitterwashighschool;meme
ee7afbc2d369a439bd6fe0dda04b6e81;20110302;HDMI;ongoing-event
2088afa84c6fe3025122308db9a0b57e;20110307;Kobalt Tools;news
a6b82e7e611f938b351f37b19998052d;20110305;Murray State;ongoing-event
723af460cd0a0e460e7ce9a468c89331;20110304;Pat Riley;news
27a359e8adc5c0063d2745c16398e2e9;20110303;Pablo Herrera;ongoing-event
3476a06010b430d52720f2c194867e4d;20110305;Adele Unplugged;ongoing-event
742b7d7146d12764eda55d6f149ff98c;20110307;Andy Rooney;ongoing-event
96802002dc6aacb5f1ca3482709730d6;20110302;WeLoveDulceMaria;meme
9f6357a80e135b2c247e8dc853a90ec2;20110307;Snuggle Sundays;meme
dd7bde87ebef98efd6dfc5d022a90d7a;20110307;Lent;meme
8df06fd6da3b981e2beada01c2fb7ff9;20110304;White Widow;meme
72b05673e005471793eb6f2a637c2064;20110302;Grameen Bank;news
1ff3f83ee1c47eecce7fc6118bade107;20110304;Corinne Bailey Rae;news
b69ddba32e9a85c6fdc0856c6d961810;20110305;Sara Varga;ongoing-event
b5f5374b16775b78fd3e42e8fefd65aa;20110306;#ajaaz;ongoing-event
566d594d68ca84cd25933481d5fe8461;20110305;Acadêmicos;ongoing-event
8702dba7739159672c9a0fc9768bc8d3;20110307;Puncheon;ongoing-event
c33767e7118359d8a88af42c91dde272;20110306;Piyush Chawla;ongoing-event
0a5911d5645dc7f2ae779ba76248d86f;20110304;Erik Spoelstra;ongoing-event
da897bb8dd25eb3d3195371d8f1c1f1f;20110305;Makin Gemuk Makin Bodoh;meme
55d7f192ed94b19378199850a74b78ab;20110304;Liam Halligan;ongoing-event
398c8d502e4b143e886f530b65cc69bb;20110304;Pinazo;ongoing-event
3b2f7e1432ef493fdcca5b38acea3d07;20110304;Thiago Tavares;ongoing-event
96216b1b1a816f6692a34250e0f8896d;20110304;Stefano;ongoing-event
d003ca2f269fbe27927bad1bc7f2244c;20110301;#isbetterthan;meme
463636c775a2ba72afdfd29d240b4a19;20110302;Nancy Grace;meme
3b903a2316bbaae6ea5bfc98a5466eb5;20110305;Wayne Brady;ongoing-event
fe609b631a07fe37055d374b65fcc105;20110301;Jane Russell;news
bfd9ee9fae559d7f0325b4578facb3e2;20110302;Mestalla;ongoing-event
619c304ee25a61a61a4f764e99af03b4;20110301;Malinga;ongoing-event
0d6ca5b70fccf3d0fd9a2080159ba5be;20110301;Celofán Piñata;ongoing-event
0a62566d2cd505d730df95c3a45aaf92;20110303;Authentic Gucci;meme
cc350a913ba0a829caa348fac4de15aa;20110306;#vasaloppet;ongoing-event
59c3fb45a86113eda5c2a8c1fab608e6;20110305;Rabbit Hae;meme
44172923f18fa126966f97257f367088;20110307;Jose Canseco;ongoing-event
0b201ddd7fc2fea97cd833a76fccbbbb;20110304;Massú;ongoing-event
ce9b54323335959ff3fb3ca99e8d1828;20110305;Haider Ackermann;ongoing-event
de4c09312c05be7f34cb891872d1373b;20110306;Seth Meyers;ongoing-event
4ab9690f0d5b0d9ed08065569ec6b8e0;20110302;Chrisye;ongoing-event
14f99647ea6e13ecf54bd77361cda56b;20110304;UKIP;ongoing-event
2d708ff6154dae065e8f32cb4bb10080;20110302;McSushi;meme
70950bd3feb2c5de6670c36fcd8575b8;20110301;Marina Silva;ongoing-event
cb1e18374ae9fe4047e2e7e5efcbe4cd;20110303;Call PETA;meme
5cefa52def25c36117e4e02559694885;20110303;TTWE;news
58d6b6d33e72e7b84f45fd7ba3b8dc9d;20110304;Bandra;news
4066f92ba6b59b66d9ddb418cd49d729;20110305;Angela Bassett;ongoing-event
503f840e5a57a11aeaa21a005c210072;20110306;Argumental;ongoing-event
056279320a80cc5b1f135fad76c0d13d;20110304;Blue Shirt;meme
68eb3b24e63d5f284efb9f351d3c8db2;20110301;Sexting Fail;meme
eb56c729b001fcf7844384832906a12c;20110302;Robert Winston;news
1ad3a201adffcb8bd7b3bb573d12dbaa;20110304;Warlock Latin;meme
6213e6cd6e3ea5aec95cb4b45b5f8325;20110307;Kany Garcia;ongoing-event
136c335b1e3b423077a88039d9a38ca6;20110304;Cantwell;ongoing-event
4b7f97dc7a90e05388ea4d539babc365;20110305;Vlaketunnel;news
b48cac340a10a33d67c162ccd7f7977a;20110304;Roddick;ongoing-event
3d5ef9961d33c9a52b73f5343afe6c1d;20110306;Mario Chalmers;ongoing-event
32da46ef3649e1a7dbc2f02d0ecc81c7;20110306;Kim Duthie;ongoing-event
25e5ca5acc1c16172283f19ba9a75752;20110304;Mike Huckabee;news
33191e737f417d6d5372e099e5494dca;20110302;Sabine Uitslag;ongoing-event
428d37b3b5f3420a96b06e5d390cc5e7;20110307;ASDA DATING;meme
8eca4a0ce1f04338a5608c70edd4ba39;20110304;Vicki Keith;ongoing-event
eb44eb01c4a744b5a4e03c036074f87b;20110302;#nickilyrics;meme
e1f3faae34d578e841bfe269d63ef76a;20110303;Action Item;meme
a007d994984dde1c4cddc1cd986b2127;20110301;Seriously Atlanta;meme
1a2529dd59176ca042a42544d47bdf33;20110306;Lord Voldemort;meme
3824fd086261fef63d9f3c9d3df8da19;20110305;Blankety Blank;ongoing-event
a56196ad884fc9e00553fa0640d0dbf1;20110307;Gus Johnson;ongoing-event
2b9bac755c32b4d3fe52dc462ffd2ac0;20110302;Serena Williams;news
1efae88406c9fa17aad1c12792a1db5c;20110302;#5bestsoundtracks;meme
257c0111c5eb728d827d91b8c73d3e9b;20110302;Lil Jon;ongoing-event
54ac822e416a0c5f01d66a6ed43a34c5;20110301;Piers Morgan;ongoing-event
fe4b1e7139d592f66b827294131dd7a4;20110305;#itsukara;meme
6e6cca67e3b1c9b42ec16c724149ca9f;20110304;Kathryn Schulz;ongoing-event
f7da675e50b4b480f919930f719514cb;20110303;Any Musiq Soulchild;meme
168cdf5998c1f6d151c552f10a1dbc43;20110302;Melanie Fiona;ongoing-event
949e1fd56b30093e176cb25d34544336;20110302;Fernanda Lima;ongoing-event
2e85ffebcc3002cbd674b2513559cbff;20110303;Cory Gunz;meme
734a30cc127ac653fd2d2a8f3a21823d;20110302;#mugler;ongoing-event
c4212533f1d5e3df4727336f36886ec3;20110307;Governor General;news
f61d619bb43e18c68094c522e64c0c73;20110302;Omark;ongoing-event
98d9331b54c448bdb6abc5611d108ce2;20110302;#ilovemyfans;meme
b9ce5104bf8173b0565bda046bf8116c;20110302;Adonis DNA;meme
39cf7b904d5fcff2f8651de352743b0f;20110302;Xander Soren;ongoing-event
d96747c7cb0d6a580ad58b7c3c904230;20110303;Rachel Zevita;ongoing-event
b592b27390d6c4500d5516d7a7c69a74;20110305;Otto Gebauer;news
27b297b469ea490542e73d1c8f3b8561;20110303;Tina Stewart;news
a44d07780d18b5cf48e76b49efc6dc0e;20110304;Recife\/Olinda;ongoing-event
f94160a9038f6a14697246e9ba7f33cf;20110301;Get Gully;news
718091507f8e7c0c62a3e42155692d2c;20110305;Marlon King;ongoing-event
99ccf0bacdfca4ed7ad3c2df82e7580f;20110306;Raven Symone;ongoing-event
efea93914c8e7be348ccd392b92f9731;20110305;Cacau;ongoing-event
1213e41f01638b3cbd00077d23473284;20110302;Bacacheri;news
2ceee315f02e828c156ccd3cbf5f4a46;20110301;#whenyourblack;meme
5e7e0ca8bc4a009da2366e16026892f3;20110305;Twilight\/Harry Potter;meme
5b17bfba0fc1505ffa6be59e1e989b05;20110302;Bill Ford;ongoing-event
135d6366ae1a4ae8c0a3b3f993a34b06;20110307;Adriane Galisteu;ongoing-event
6e3ad82d723eb4aa0bf8be84af710435;20110303;Lauren Turner;ongoing-event
0bd4761521efbd308386c082741eaa79;20110304;Roberta Bondar;ongoing-event
5b5451674f453d92e741dbd3bdf810b8;20110302;Garage Band;ongoing-event
aac257a9fda4de5cf94091a70e22689b;20110301;Roda Viva;ongoing-event
492561cf76939197932bb7bc15df18bf;20110304;Arctic Monkeys;meme
19e620747dffbf7b3e44cc76507d1880;20110303;Alek Wek;ongoing-event
0fa8a923ecfd307d21b7ba81f763bd26;20110306;Gerald Anderson;ongoing-event
e2ef64c3a8f75d8178eb378d5fabee7f;20110302;Galliano Said;news
ae4cfbe1d164a0f04b1e552e56ad388a;20110304;IE6;news
339858e00bf6afd7ef35f791be09d802;20110301;GDC;news
4acde1975e2db5fe9131f7bdbc3995fa;20110302;#ipad2;ongoing-event
a1a7910c467f1318dd511702807cabf9;20110303;Naima;ongoing-event
6ee8eb43943b50d0a09a7063878d3d69;20110303;Late Night Snack;meme
2022e85c9c29bbc1bbca241221321340;20110307;Alicia Rodriguez;ongoing-event
30b4094a081abbcf3cc2dd1eae8ae12e;20110306;Cedric Diggory;ongoing-event
af02f846521fbea99c2f5982dcaf41ce;20110301;#guttbye;news
dff56ff4c1375cff306f97f8bd8c8a98;20110302;Raffi Torres;ongoing-event
3d60fed73d9d3f5bff54cbab93d7cccf;20110302;Jorge Gajardo;news
29f8f7143becfd20eb951755fd1d02b3;20110302;Scott Forstall;ongoing-event
a640f6ced252782160266c445b421d62;20110303;Hugh Laurie;ongoing-event
0282eb46886911d472fe237a5817ad09;20110301;José Padilha;news
cdb6d8a17ad1eff86c5c8468cdd0db33;20110301;Wallen;ongoing-event
1e27173aee15c9bf50679b5aac1cab1b;20110306;Andy Carrol;ongoing-event
0de26c5828da9f7b7299a04fa4442848;20110305;Peruche;ongoing-event
fcdf3b256d19d1a9e525bfa75c34bb1b;20110307;Alfonso Dosal;ongoing-event
4674bd87616c3226232ea18222f560c6;20110301;Martin Atkinson;ongoing-event
3aa8cb09a51f417ccdc0a76b5143dda0;20110307;Pancho Toro;ongoing-event
e72b4f397fb996c3df84ed08d9773b70;20110303;Picture Fail;meme
a9bf2a64eb55604c45b1666a60b8a8d9;20110301;John Major;ongoing-event
2257b3261d2a280cc15eaa5010190c7f;20110307;Virginio;ongoing-event
fa9e0e6c74565adda24b7bd0db662da0;20110304;Hala Madrid;news
5a782fa8c9cd178d574943088510781a;20110303;#teamsheen;meme
166d82840a3b72f654d0c86829a55407;20110303;Vargas Llosa;news
03a40cb8f10f7405404f471e3b6b0a67;20110301;#cum2fastexcuses;meme
e5ef99f81071ac98bff5ad6da46922a3;20110303;Selic;news
aec2b5954d2645baeb999eb7ff38cb6a;20110301;Gaëtan Roussel;ongoing-event
f86691dcb22ae3c91040a9f4b523d50e;20110307;Gano Papa;news
28c865f79592523f8f48612dba8829c3;20110302;Fleur Agema;meme
6a74d0a6e398b7f5a1d4125ee85cf2cc;20110306;Little Rascal;ongoing-event
4ea1a8f1c062806098450adc611cfc15;20110305;Jorge Fernando;ongoing-event
93d7ea08fc9110a214542db50dc80a50;20110305;Terrance Howard;ongoing-event
e41c2d43b624e9237ce154512f47de53;20110304;Jennifer Lopez;ongoing-event
855739913445c3c6d5e24dc380fc0be9;20110302;Cornelisse;ongoing-event
d0c263ca390f8300f0232f109dac8371;20110302;Pellegrini;meme
1406dad51b322f589da21c9cdd536936;20110303;Balenciaga;news
377c2f46bfa214a55e8bc03e3641e659;20110303;Daniel Akaka;news
6a2f3700b0f833f51d13ff62f46ba84d;20110303;#ohohtirol;ongoing-event
c8c234e65efdeddc80eacfa0dcc45e04;20110307;LovatoIsOurSunshine;meme
d6bc71cf6d56b5dd99bc0e76446cc702;20110307;Lisa Rinna;ongoing-event
9403c221766992ea54bfd138158dbdd4;20110304;#neversayneveroscar;meme
b4e090def28ab3a1e5458121f9f61b09;20110302;Gangorra Invertida;ongoing-event
f86d89d5705167b03c3e5b88c8514767;20110305;ΖΦΒ;meme
0cf622a7ee4c0d7f8c3157a4631b3c25;20110305;Juwan Howard;ongoing-event
d28591b49209c1b8300f5c4acb161839;20110301;Paula Deen Riding Things;meme
ce9633ac910f02f2f006f3846106bcc0;20110307;Westpac;news
c9f6c7868ccd8a8cc3366335e59ba19d;20110303;Charlie Sheen;news
666334817d9a15da9dabc8708a3f11f3;20110304;Odoms;meme
4aa0bc80f743ad1f59f68685c6461a81;20110306;Will Eisner;commemorative
6e9491963b1374ef381721c5b7e2f35f;20110303;Thia Megia;ongoing-event
72341f6e0b5c875dcb40011a5ffb4ff5;20110307;#mangueira;ongoing-event
3797f1830a3c171b058416ca264e1c98;20110306;Elza Soares;ongoing-event
8cc86436b55e8083e7dcc8cf736b6b5a;20110304;Legally Blonde Starring;meme
5ed3216066dff7a6483d81ab638aa3fd;20110306;Hendo;ongoing-event
5eb1c412235828a21e3767fc12ab9975;20110304;Fast Times;ongoing-event
34af05f622032db0cbb8d81b84523b4b;20110304;Ron Sexsmith;ongoing-event
f13b8c71af1cccd147575353a45d2587;20110306;#thataintwinning;meme
baf8736acbfb51497df74f6f75525ba0;20110304;OLLG;meme
c4767fa3b2d5d1ae599becf9e35d08c3;20110302;Tim Halperin;ongoing-event
b9e8e3fc7a8176aca94519764f050bb1;20110301;TDT;news
2f6ca798c67c9704420dc08619831b6b;20110307;AnahiOnEMA;meme
6e8ff7bbebebf3e9d5f667c59c69b1a8;20110303;Ramos Allup;news
3f1e546889f1eb2b6d5ab94db79d0df7;20110301;Frank Martin;ongoing-event
3f5e5b26ad66d980a449c598343866c8;20110304;Kris Kross;ongoing-event
e099c77dcd0bde02ac51e12df0cbf233;20110306;Universe♥Gaga;meme
abf87dcc9e40daf5c54d54672e1fc5ac;20110305;Marini;news
866a63ba6cf5958a368d725d148c9c27;20110307;Beija-Flor;ongoing-event
3ff528455b4278640a76a0120997e7a0;20110303;Gabriel Silva;ongoing-event
2ddc3b55d132c7a8e3cf216b856cd7a6;20110305;Terry Crews;ongoing-event
9b246c326720a5e3b812411c874aa477;20110307;Evaristo Costa;ongoing-event
8bd2c9e13bb71b89b51b6e81f0da0994;20110302;Pablo Hernández;ongoing-event
55584a60320a54989ef057e25836cdbe;20110305;Watching Taken;ongoing-event
e9c52e9810ff5fcbb49b5ec9df618e4b;20110305;Chico Pinheiro;ongoing-event
6d8e3b9fd7222175eb55b2e3b576f38e;20110302;Maizière;news
05d739a093794343728b66d5802db10b;20110302;Antonio Damasio;ongoing-event
8669b32af04ae65b88b38df5662545ea;20110305;Sheila Mello;ongoing-event
4e49ec9f0f036f91a5b34278d15484f3;20110304;Gareca;ongoing-event
d93d84ae006f530cbf2b33ebf824d48e;20110307;Patrícia Poeta;ongoing-event
98d79b7652e365b4a4b260ca2bb5583d;20110303;PIB;news
